entity_a,entity_b,oracion,doc_id,fecha,triple_sujeto,triple_verbo,triple_objeto,tipo_sugerido,tipo_gold
Comercio Exterior y Turismo,Estado,"Artesanos con apoyo del Estado exponen sus productos en feria en Magdalena del Mar
En el marco de la conmemoración del Día del Artesano Peruano, el ministro de Comercio Exterior y Turismo, José Reyes Llanos, inauguró la feria “Artesanías del Perú – Magdalena del Mar”, que estará abierta al público del 19 al 22 de marzo, de 09:00 a.",andina:1067713,2026-03-19,Artesanos,,productos,alianza,
Roberto Sánchez,Comercio Exterior y Turismo,"Fernando Reyes Llanos continúa como ministro de Comercio Exterior y Turismo
El presidente de la República, José María Balcázar, tomó juramento a Fernando Reyes Llanos como ministro de Comercio Exterior y Turismo, quien formará parte del Gabinete ministerial de Luis Arroyo Sánchez.",andina:1067345,2026-03-17,Fernando,,ministro,mencion,
Keiko Fujimori,Libertad,"La candidata presidencial de Fuerza Popular, Keiko Fujimori, emite su voto en la institución educativa Libertador San Martín del distrito de San Borja.",andina:1078391,2026-06-07,candidata,,voto,nombramiento,
Congreso,Fuerza Popular,"Lee también: Congreso: Comisión Permanente se instala para periodo anual de sesiones 2023-2024 1- Constitución y Reglamento (26 integrantes) Presidencia: Martha Moyano Delgado (Fuerza Popular) Vicepresidenta: Adriana Tudela (Avanza País) Secretario: Jorge Marticorena (Perú Bicentenario) 2-Pueblos Andinos, Amazónicos y Afroperuanos, Ambiente y Ecología (18 integrantes) Presidenta: Ruth Luque (Cambio Democrático- Juntos por el Perú) Vicepresidenta: Francis Paredes (Podemos Perú) Secretaria: María Elizabeth Taipe Coronado (Perú Libre) 3-Descentralización, Regionalización, Gobiernos Locales y Modernización de la gestión del Estado (26 integrantes) Presidente: Alejandro Cavero Alva (Avanza País) Vicepresidente: Auristela Obando Morgan (Fuerza Popular) Secretaria: Margot Palacios Huamán (Perú Libre) 4-Mujer y Familia (18 integrantes) Presidenta: Milagros Jáuregui Martínez de Aguayo (Renovación Popular) Vicepresidencia: pendiente Secretaria: Hilda Portero López (Acción Popular) 5-Agraria (18 integrantes) Presidente: Eduardo Castillo Rivas (Fuerza Popular) Vicepresidente: Kelly Portalatino Ávalos (Perú Libre) Secretaria: Magaly Ruiz Rodríguez (Alianza para el Progreso) 6-Cultura y Patrimonio Cultural (18 integrantes) Presidente: Héctor Acuña Peralta (Unidad y Diálogo Parlamentario) Vicepresidenta: Susel Paredes Piqué (Cambio Democrático-Juntos por el Perú) Secretario: Javier Padilla Romero (Renovación Popular).",andina:951600,2023-08-16,,,,ruptura,
Roberto Sánchez,Ley,"El politólogo Fernando Tincopa, del Centro Wiñaq, sostuvo que los candidatos presidenciales Keiko Fujimori (Fuerza Popular) y Roberto Sánchez (Juntos por el Perú) deben considerar hacer concesiones y compromisos explícitos en el marco de esta segunda vuelta, ante la falta de una mayoría en el Congreso.",andina:1077216,2026-05-29,politólogo,,,nombramiento,
Roberto Sánchez,Fuerza Popular,"En ese sentido, el citado colegiado instó a los aspirantes presidenciales de Fuerza Popular (Keiko Fujimori) y de Juntos por el Perú (Roberto Sánchez), a que "" durante el desarrollo de esta actividad su participación se alinee al espíritu del Pacto Ético Electoral "".",andina:1077381,2026-05-30,colegiado,,,alianza,
Congreso,Ley,"Bancadas apoyan pedido de vacancia Las bancadas del Congreso se pronunciaron hoy y anunciaron que apoyarán el pedido de vacancia contra la presidenta de la república, Dina Boluarte, debido a que las medidas contra la inseguridad ciudadana no han sido efectivas para detener este flagelo que afecta al país.",andina:1047813,2025-10-09,Bancadas,,pedido,alianza,
Roberto Sánchez,may,"El candidato de Juntos por el Perú (JP), Roberto Sánchez, abrirá el debate presidencial programado para este domingo 31 de mayo, mientras que la postulante de Fuerza Popular (FP), Keiko Fujimori, será la última en dar las palabras de cierre.",andina:1076169,2026-05-27,,,,nombramiento,
Congreso,Ley,"“El rechazo de plano de la cuestión de confianza de la Presidencia del Consejo de Ministros por el Congreso ha motivado la crisis del Gabinete”, manifestó.",andina:919248,2022-11-25,,,,conflicto,
may,Fuerza Popular,"La candidata presidencial de Fuerza Popular, Keiko Fujimori Higuchi, indicó que, en el marco de los comicios generales en curso, debemos ser respetuosos de las decisiones del Jurado Nacional de Elecciones (JNE), que anunció para este domingo 17 de mayo la proclamación de los resultados de la primera vuelta de la elección presidencial.",andina:1075180,2026-05-14,candidata,,,nombramiento,
Congreso,Consejo de Ministros,"El Presidente de la República, Pedro Castillo Terrones, lideró en Palacio de Gobierno la primera sesión del Consejo de Ministros de su gestión.",andina:856238,2021-08-04,Presidente,,Palacio,pertenencia,
Roberto Sánchez,Keiko Fujimori,"Lee también: Elecciones 2026: así será el debate presidencial entre Keiko Fujimori y Roberto Sánchez Respecto al formato, el funcionario detalló que se aplicará una “ metodología mixta ” en la que se contará con un “ bolsón de tiempo ” para que cada candidato haga su exposición sobre los cuatro temas.",andina:1075902,2026-05-26,,,,nombramiento,
Keiko Fujimori,Fuerza Popular,"Elecciones 2026: Roberto Sánchez abrirá debate presidencial y Keiko Fujimori lo cerrará
El candidato de Juntos por el Perú (JP), Roberto Sánchez, abrirá el debate presidencial programado para este domingo 31 de mayo, mientras que la postulante de Fuerza Popular (FP), Keiko Fujimori, será la última en dar las palabras de cierre.",andina:1076169,2026-05-27,,,,nombramiento,
Lima,Rafael López Aliaga,"Renovación Popular Presidente: Rafael López Aliag a Inscripción: 07/12/2004 Esta agrupación política está liderada por el alcalde de Lima, Rafael López Aliaga, quien no ha descartado la posibilidad de encabezar la plancha presidencial el 2026.",andina:992423,2024-10-27,,,,pertenencia,
Congreso,Ley,"Se establece que en caso de que ninguno de los candidatos a la Presidencia de la República obtuviese más de la mitad de los votos válidos, se procederá a una segunda elección entre los dos candidatos con mayor votación, lo cual se realizará el domingo 7 de junio.",andina:1055467,2025-12-30,,,,nombramiento,
Pedro Castillo,Estado,"Pedro Castillo: cronología del proceso judicial por golpe de Estado que llega hoy a su fin
El expresidente Pedro Castillo enfrenta un proceso judicial por el presunto delito de rebelión, abuso de autoridad y grave perturbación del orden público, debido al golpe de Estado que protagonizó el pasado 7 de diciembre del 2022.",andina:1053568,2025-11-27,Pedro,,proceso,conflicto,
Pedro Castillo,Fuerza Popular,La Comisión Permanente estará conformada por los siguientes legisladores: FUERZA POPULAR (5 integrantes) -Alejandro Aguinaga Recuenco -Arturo Alegría García -Martha Moyano Delgado -César Revilla Villanueva -Héctor Ventura Ángel ALIANZA PARA EL PROGRESO (3) -Alejandro Soto Reyes -María Acuña Peralta -Lady Camones Soriano PODEMOS PERÚ (3) -José Luna Gálvez -Digna Calle Lobatón -Ariana Orué Medina PERÚ LIBRE (2) -Flavio Cruz Mamani -Américo Gonza Castillo RENOVACIÓN POPULAR (2) -Esdras Medina Minaya -Norma Yarrow Lumbreras ACCIÓN POPULAR (2) -Silvia Monteza Facho -Wilson Soto Palacios AVANZA PAÍS (2) -José Williams Zapata -Patricia Chirinos Venegas JUNTOS POR EL PERÚ-VOCES DEL PUEBLO (2) -Roberto Sánchez Palomino -Víctor Cutipa Ccama SOMOS PERÚ (2) -José Jerí Oré -Héctor Valer BLOQUE MAGISTERIAL (2) -Segundo Quiroz Barboza -Lucinda Vásquez Vela BANCADA SOCIALISTA (1) -Alex Flores Ramírez HONOR Y DEMOCRACIA (1) -Jorge Montoya Manrique BLOQUE DEMOCRÁTICO POPULAR (1) -Ruth Luque Ibarra (FIN) MCA/RMCH Publicado: 15/8/2024,andina:997034,2024-08-15,,,,ruptura,
Roberto Sánchez,Estado,"El Juzgado Supremo de Investigación Preparatoria declaró infundado el pedido fiscal de 18 meses de prisión preventiva contra Betssy Chávez y los exministros Willy Huerta Olivas y Roberto Sánchez Palomino, investigados por rebelión y conspiración en agravio del Estado.",andina:938013,2023-04-26,Juzgado,,infundado,acusacion,
Lima,may,"22:25 | Lima, may.",andina:1075424,2026-05-16,,,,mencion,
Lima,Ley,"De escasa presencia en el mapa gastronómico limeño hasta fines del siglo XX, los restaurantes de cocina regional se han multiplicado a tal punto que no es exagerado decir que casi todos los distritos de la ciudad capital de la República cuentan con algún establecimiento que ofrece platos representativos de Piura, Lambayeque, Trujillo, Arequipa, Cusco, Ica, Tacna, Junín, Áncash, Cajamarca, San Martín, Loreto u otros de los 24 departamentos que componen el Perú.",andina:1078669,2026-06-10,restaurantes,,,mencion,
Roberto Sánchez,Estado,"Lea también:[ Estas son las normas legales más relevantes de hoy jueves 24 de agosto del 2023 ] 1- Constitución y Reglamento (26 integrantes) Presidencia: Martha Moyano Delgado (Fuerza Popular) Vicepresidenta: Adriana Tudela (Avanza País) Secretario: Jorge Marticorena (Perú Bicentenario) 2- Pueblos Andinos, Amazónicos y Afroperuanos, Ambiente y Ecología (18 integrantes) Presidenta: Ruth Luque (Cambio Democrático-Juntos por el Perú) Vicepresidenta: Francis Paredes (Podemos Perú) Secretaria: María Elizabeth Taipe Coronado (Perú Libre) 3- Descentralización, Regionalización, Gobiernos Locales y Modernización de la Gestión del Estado (26 integrantes) Presidente: Alejandro Cavero Alva (Avanza País) Vicepresidente: Auristela Obando Morgan (Fuerza Popular) Secretaria: Margot Palacios Huamán (Perú Libre) 4- Mujer y Familia (18 integrantes) Presidenta: Milagros Jáuregui Martínez de Aguayo (Renovación Popular) Vicepresidencia: pendiente Secretaria: Hilda Portero López (Acción Popular) 5- Agraria (18 integrantes) Presidente: Eduardo Castillo Rivas (Fuerza Popular) Vicepresidente: Kelly Portalatino Ávalos (Perú Libre) Secretaria: Magaly Ruiz Rodríguez (Alianza para el Progreso) 6- Cultura y Patrimonio Cultural (18 integrantes) Presidente: Héctor Acuña Peralta (Unidad y Diálogo Parlamentario) Vicepresidenta: Susel Paredes Piqué (Cambio Democrático-Juntos por el Perú) Secretario: Javier Padilla Romero (Renovación Popular) 7- Defensa Nacional, Orden Interno, Desarrollo Alternativo y Lucha contra las Drogas (18 integrantes) Presidenta: Patricia Chirinos Venegas (Avanza País) Vicepresidente: Juan Carlos Lizarzaburu Lizarzaburu (Fuerza Popular) Secretario: Jorge Montoya Manrique (Renovación Popular) 8- Educación, Juventud y Deporte (26 integrantes) Presidente: José María Balcázar Zelada (Perú Bicentenario) Vicepresidente: Paul Silvio Gutiérrez Ticona (Bloque Magisterial de Concertación Nacional ) Secretario: Esdras Ricardo Medina Minaya (Unidad y Diálogo Parlamentario) 9- Relaciones Exteriores (18 integrantes) Presidente: Alejandro Aguinaga Recuenco (Fuerza Popular) Vicepresidente: José Williams Zapata (Avanza País) Secretaria: Heidy Juárez (Podemos Perú) 10- Salud y Población (18 integrantes) Presidenta: Nelcy Heidinger Ballesteros (Alianza para el Progreso) Vicepresidenta: Mery Infantes Castañeda (Fuerza Popular) Secretario: Edgar Tello Montes (Perú Libre) 11- Ciencia, Innovación y Tecnología (18 integrantes) Presidente: Carlos Zeballos Madariaga (Podemos Perú) Vicepresidente: Jorge Flores Ancachi (Acción Popular) Secretario: Julio Jiménez Heredia (Fuerza Popular) 12- Inclusión Social y Personas con Discapacidad (18 integrantes) Presidenta: Kira Alcarraz (Podemos Perú) Vicepresidente: Miguel Ciccia Vásquez (Renovación Popular) Secretaria: Lucinda Vásquez Vela (Bloque Magisterial de Concertación Nacional) 13- Defensa de Consumidor y Organismos Reguladores de los Servicios Públicos (18 integrantes) Presidente: Wilson Soto Palacios (Acción Popular) Vicepresidenta: Rosangella Barbarán Reyes (Fuerza Popular) Secretaria (Adriana Tudela Gutiérrez (Avanza País) 14- Vivienda y Construcción (18 integrantes) Presidenta: María Agüero Gutiérrez (Perú Libre) Vicepresidente: Juan Burgos Oliveros (Unidad y Diálogo Parlamentario) Secretario: Idelso García Correa (Alianza para el Progreso) 15- Economía, Banca, Finanzas e Inteligencia Financiera (26 integrantes) Presidente: César Revilla Villanueva (Fuerza Popular) Vicepresidente: Segundo Montalvo Cubas (Perú Libre) Secretario: Alejandro Cavero Alva (Avanza País) 16- Presupuesto y Cuenta General de la República (26 integrantes) Presidente: José Jerí Oré (Somos Perú) Vicepresidenta: María Acuña Peralta (Alianza para el Progreso) Secretario: Arturo Alegría García (Fuerza Popular) 17- Producción, Micro y Pequeña Empresa y Cooperativas (18 integrantes) Presidente: Jorge Morante Figari (Fuerza Popular) Vicepresidente: José Pazo Nunura (Somos Perú) Secretario: Roberto Sánchez Palomino (Cambio Democrático-Juntos por el Perú) 18- Comercio Exterior y Turismo (18 integrantes) Presidente: Hamlet Echeverría Rodríguez (Cambio Democrático-Juntos por el Perú) Vicepresidente: Elías Varas Meléndez (Perú Bicentenario) Secretaría: pendiente 19- Trabajo y Seguridad Social (18 integrantes) Presidente: Pasión Dávila Atanacio (Bloque Magisterial) Vicepresidenta: Isabel Cortez Aguirre (Cambio Democrático-Juntos por el Perú) Secretaria: Cruz María Zeta Chunga (Fuerza Popular) 20- Energía y Minas (18 integrantes) Presidente: Segundo Quiroz Barboza (Bloque Magisterial) Vicepresidente: Héctor Ventura Ángel (Fuerza Popular) Secretaria: Kelly Portalatino Ávalos (Perú Libre) 21- Fiscalización y Contraloría (18 integrantes) Presidente: Wilson Quispe Mamani (Perú Libre) Vicepresidente: Eduardo Salhuana Cavides (Alianza para el Progreso) Secretario: Héctor Valer Pinto (Somos Perú) 22- Justicia y Derechos Humanos (26 integrantes) Presidenta: Janet Rivas Chacara (Perú Libre) Vicepresidente: Alejandro Muñante Barrios (Renovación Popular) Secretaria: Nieves Limachi Quispe (Cambio Democrático-Juntos por el Perú) 23- Transportes y Comunicaciones (18 integrantes) Presidente: Eduardo Salhuana Cavides (Alianza para el Progreso) Vicepresidente: Óscar Zea Choquechambi (Bloque Magisterial) Secretaria: pendiente (FIN) RMCH/FGM GRM Publicado: 22/8/2023",andina:951878,2023-08-22,,,,acusacion,
Cusco,may,"Durante su discurso realizado en la Plaza Túpac Amaru de Wanchaq (Cusco), indicó que en materia social apuesta por una pensión mensual para adultos mayores de 60 años , apoyo a familias con niños con discapacidad y un programa específico para madres cabeza de hogar.",andina:1077865,2026-06-03,,,,alianza,
Roberto Sánchez,Consejo de Ministros,"A la ceremonia, realizada en el Salón Cáceres de Palacio de Gobierno, asistió también el presidente del Consejo de Ministros, Aníbal Torres Vásquez; y los ministros de Cultura, Alejandro Salas Zegarra; de Comercio Exterior y Turismo, Roberto Sánchez Palomino; de Justicia y Derechos Humanos, Félix Chero Medina, y de la Mujer y Poblaciones Vulnerables, Diana Miloslavich Tupac.",andina:896201,2022-06-06,,,,ruptura,
Congreso,Pedro Castillo,"De acuerdo con la tesis fiscal, Chávez, Huerta y Sánchez habrían acordado junto al expresidente Pedro Castillo y terceras personas disolver el Congreso y reorganizar el sistema de justicia.",andina:944504,2023-06-20,Chávez,,expresidente,acusacion,
Pedro Castillo,Ley,"Lee también: Congreso: Comisión Permanente se instala para periodo anual de sesiones 2023-2024 1- Constitución y Reglamento (26 integrantes) Presidencia: Martha Moyano Delgado (Fuerza Popular) Vicepresidenta: Adriana Tudela (Avanza País) Secretario: Jorge Marticorena (Perú Bicentenario) 2-Pueblos Andinos, Amazónicos y Afroperuanos, Ambiente y Ecología (18 integrantes) Presidenta: Ruth Luque (Cambio Democrático- Juntos por el Perú) Vicepresidenta: Francis Paredes (Podemos Perú) Secretaria: María Elizabeth Taipe Coronado (Perú Libre) 3-Descentralización, Regionalización, Gobiernos Locales y Modernización de la gestión del Estado (26 integrantes) Presidente: Alejandro Cavero Alva (Avanza País) Vicepresidente: Auristela Obando Morgan (Fuerza Popular) Secretaria: Margot Palacios Huamán (Perú Libre) 4-Mujer y Familia (18 integrantes) Presidenta: Milagros Jáuregui Martínez de Aguayo (Renovación Popular) Vicepresidencia: pendiente Secretaria: Hilda Portero López (Acción Popular) 5-Agraria (18 integrantes) Presidente: Eduardo Castillo Rivas (Fuerza Popular) Vicepresidente: Kelly Portalatino Ávalos (Perú Libre) Secretaria: Magaly Ruiz Rodríguez (Alianza para el Progreso) 6-Cultura y Patrimonio Cultural (18 integrantes) Presidente: Héctor Acuña Peralta (Unidad y Diálogo Parlamentario) Vicepresidenta: Susel Paredes Piqué (Cambio Democrático-Juntos por el Perú) Secretario: Javier Padilla Romero (Renovación Popular).",andina:951600,2023-08-16,,,,ruptura,
may,Consejo de Ministros,"by flor.huilca [Lea también: Fiscalía archiva definitivamente acusación contra Presidenta por delito de genocidio ] La Junta de Portavoces tiene entre sus funciones elaborar el cuadro de comisiones para su aprobación por el Consejo Directivo y el pleno del Congreso; la ampliación de la agenda de la sesiones plenarias y la determinación de prioridades en el debate, con el voto aprobatorio de la mayoría del número legal de los miembros del Congreso, entre otros.",andina:995137,2024-07-30,by,,funciones,acusacion,
Roberto Sánchez,Comercio Exterior y Turismo,"También lea: [ Jefe del Estado: se defenderán las áreas naturales y las comunidades nativas del país ] Participarán de la ceremonia el ministro de Comercio Exterior y Turismo, Roberto Sánchez Palomino; el gobernador regional de Loreto, Elisbán Ochoa Sosa; la presidenta de la Comisión de Promoción del Perú para la Exportación y el Turismo-Promperú, Amora Carbajal Schumacher; el titular de la Cámara Regional de Turismo de Loreto, Tedy Vásquez Cárdenas; y otras autoridades.",andina:913915,2022-10-14,,,[,mencion,
Pedro Castillo,Estado,"El expresidente Pedro Castillo enfrenta un proceso judicial por el presunto delito de rebelión, abuso de autoridad y grave perturbación del orden público, debido al golpe de Estado que protagonizó el pasado 7 de diciembre del 2022.",andina:1053568,2025-11-27,expresidente,,proceso,conflicto,
Estado,Ley,"Tras esto, y luego de dar cuenta de que la Comisión Permanente dispone de facultades para legislar durante el receso del pleno del Congreso, el titular de este poder del Estado, Alejandro Soto, declaró clausurado el periodo de sesiones 2023-2024.",andina:989505,2024-06-15,titular,,,ruptura,
Estado,Ley,Los ministros de Estado cuestionaron la decisión del Congreso de negar el viaje del presidente Pedro Castillo a México para participar en la XVII Cumbre de la Alianza del Pacífico.,andina:918298,2022-11-17,ministros,,decisión,conflicto,
Congreso,may,"Indicó que para lograr los cambios en la actual representación bicameral del Parlamento, se necesita un gran consenso , por lo que instó a lograr un pacto entre todos los peruanos, no de una mayoría en el Congreso, sino de todas las fuerzas sociales.",andina:1076076,2026-05-21,,,,alianza,
Lima,may,"20:00 | Lima, may.",andina:1075821,2026-05-19,,,,mencion,
Estado,Ley,"El pleno del Congreso de la República aprobó, por voto en mayoría, el proyecto de resolución legislativa que acusa al exministro de Salud, Víctor Zamora, de ser responsable del presunto delito de omisión, rehusamiento o demora de actos funcionales en agravio del Estado.",andina:1011385,2024-12-13,pleno,,voto,acusacion,
may,Ley,"La ampliación de la agenda de la sesión y la determinación de prioridades en el debate, todo ello con el voto aprobatorio de la mayoría del número legal de los miembros del Congreso allí representados.",andina:949693,2023-08-01,,,,pertenencia,
Consejo de Ministros,Ley,"Traspaso de Presidencia Pro Témpore El traspaso de la Presidencia Pro Témpore al Perú se realizó durante la “XXII Reunión del Consejo Presidencial Andino”, en una ceremonia a cargo de Ecuador y su presidente Guillermo Lasso, en la que también participaron los mandatarios de los países miembros: Pedro Castillo de la República de Perú, Luis Arce, del Estado Plurinacional de Bolivia; y Gustavo Petro, de la República de Colombia.",andina:907739,2022-08-29,Traspaso,,XXII,pertenencia,
Keiko Fujimori,Rafael López Aliaga,"Lee también: Ipsos: Fujimori 16.6%, Sanchez 12.1%, Belmont 11.8%, Lopez Aliaga 11%, Nieto 10.7% Para Sánchez, su ubicación expectante a boca de urna es resultado del apoyo de provincias y de forma especial de la parte andina del país.",andina:1071004,2026-04-12,,,,alianza,
Roberto Sánchez,Fuerza Popular,La Comisión Permanente estará conformada por los siguientes legisladores: FUERZA POPULAR (5 integrantes) -Alejandro Aguinaga Recuenco -Arturo Alegría García -Martha Moyano Delgado -César Revilla Villanueva -Héctor Ventura Ángel ALIANZA PARA EL PROGRESO (3) -Alejandro Soto Reyes -María Acuña Peralta -Lady Camones Soriano PODEMOS PERÚ (3) -José Luna Gálvez -Digna Calle Lobatón -Ariana Orué Medina PERÚ LIBRE (2) -Flavio Cruz Mamani -Américo Gonza Castillo RENOVACIÓN POPULAR (2) -Esdras Medina Minaya -Norma Yarrow Lumbreras ACCIÓN POPULAR (2) -Silvia Monteza Facho -Wilson Soto Palacios AVANZA PAÍS (2) -José Williams Zapata -Patricia Chirinos Venegas JUNTOS POR EL PERÚ-VOCES DEL PUEBLO (2) -Roberto Sánchez Palomino -Víctor Cutipa Ccama SOMOS PERÚ (2) -José Jerí Oré -Héctor Valer BLOQUE MAGISTERIAL (2) -Segundo Quiroz Barboza -Lucinda Vásquez Vela BANCADA SOCIALISTA (1) -Alex Flores Ramírez HONOR Y DEMOCRACIA (1) -Jorge Montoya Manrique BLOQUE DEMOCRÁTICO POPULAR (1) -Ruth Luque Ibarra (FIN) MCA/RMCH Publicado: 15/8/2024,andina:997034,2024-08-15,,,,ruptura,
Congreso,Ley,"Enfrentar la delincuencia es un tema que debe unirnos a todos, y el Congreso tiene el deber de actuar con decisión y compromiso"" , sostuvo.",andina:1002084,2024-09-28,,,,conflicto,
Roberto Sánchez,Congreso,"Ratifican compromiso de brindar apoyo a Machu Picchu y realizar más inversiones en Cusco
A propósito del 15 aniversario de la declaración de Machu Picchu como una de las siete maravillas del mundo mModerno, el ministro de Comercio Exterior y Turismo, Roberto Sánchez Palomino, ratificó el compromiso del gobierno de desarrollar inversiones, programas y acciones de defensa, cuidado y promoción para hacer del Santuario un recinto de peruanidad y fraternidad para el mundo.",andina:900552,2022-07-08,,,compromiso,alianza,
Roberto Sánchez,Ley,"Roberto Sánchez juró como titular del Ministerio de Comercio Exterior y Turismo, en ceremonia desarrollada anoche en el Gran Teatro Nacional y que fue liderada por el Presidente de la República, Pedro Castillo Terrones.",andina:855551,2021-07-29,Roberto,,titular,pertenencia,
Pedro Castillo,Fuerza Popular,"A continuación, la distribución de los parlamentarios por bancada: Perú Libre 1- Segundo Toribio Montalvo Cubas 2- Kelly Roxana Portalatino Avalos 3- Elías Marcial Varas Meléndez 4-Paul Silvio Gutiérrez Ticona 5-María Elizabeth Taipe Coronado 6-Bernardo Jaime Quito Sarmiento 7-María Antonieta Agüero Gutiérrez 8-Alex Antonio Paredes Gonzales 9-Alex Randu Flores Ramírez 10-Germán Adolfo Tacuri Valdivia 11-Margot Palacios Huamán 12-Segundo Teodomiro Quiroz Barboza 13-Américo Gonza Castillo 14-Hamlet Echeverría Rodríguez 15-Guido Bellido Ugarte 16-Jhakeline Katy Ugarte Mamani 17-Alfredo Pariona Sinche 18-Elizabeth Sara Medina Hermosilla 19-Abel Augusto Reyes Cam 20-Jorge Alfonso Marticorena Mendoza 21-Waldemar José Cerrón Rojas 22-Silvana Emperatriz Robles 23-Luis Roberto Kamiche Morante 24-Jose María Balcázar Zelada 25-Guillermo Bermejo Rojas 26-Nivardo Edgar Tello Montes 27-Janet Milagros Rivas Chacara 28-Jorge Samuel Coayla Juárez 29-Víctor Raúl Cutipa Ccama 30-Pasión Neomías Dávila Atanacio 31-Oscar Zea Choquechambi 32-Flavio Cruz Mamani 33-Wilson Rusbel Quispe Mamani 34-Lucinda Vásquez Vela 35-Betssy Betzabet Chávez Chino 36-Fernando Mario Herrera Mamani 37-Francis Jhasmina Paredes Castro Fuerza Popular 1.- Mery Eliana Infantes Castañeda 2-Nilza Merly Chacón Trujillo 3-Tania Estefany Ramírez García 4-Auristela Ana Obando Morgan 5-Raúl Huamán Coronado 6-David Julio Jiménez Heredia 7-Víctor Seferino Flores Ruiz 8-Alejandro Aurelio Aguinaga Recuenco 9-Hernando Guerra-García Campos 10-Carmen Patricia Juárez Gallegos 11-Carlos Ernesto Bustamante Donayre 12-Martha Lupe Moyano Delgado 13-Rosangella Andrea Barbarán Reyes 14-Leslie Vivian Olivos Martínez 15-Luis Gustavo Cordero Jon Tay 16-Jorge Alberto Morante Figari 17-Eduardo Enrique Castillo Rivas 18-Cruz María Zeta Chunga 19-César Manuel Revilla Villanueva 20-Luis Arturo Alegría García 21-Héctor José Ventura Ángel 22-María del Pilar Cordero Jon Tay 23-Jeny Luz López Morales 24-Juan Carlos Martín Lizarzaburu Lizarzaburu Acción Popular 1-Jhaec Darwin Espinoza Vargas 2-Pedro Edwin Martínez Talavera 3-Silvia María Monteza Facho 4-Luis Ángel Aragón Carreño 5-Wilson Soto Palacios 6-Raúl Felipe Doroteo Carbajo 7-Ilich Fredy López Ureña 8-Carlos Enrique Alva Rojas 9-Hilda Marleny Portero López 10-José Alberto Arriola Tueros 11-María del Carmen Alva Prieto 12-Juan Carlos Mori Celis 13-Carlos Javier Zeballos Madariaga 14-Jorge Luis Flores Ancachi 15-Karol Ivett Paredes Fonseca 16-Elvis Hernán Vergara Mendoza Alianza para el Progreso 1-Lady Mercedes Camones Soriano 2-Elva Edhit Julon Irigoin 3-Alejandro Soto Reyes 4-Luis Raúl Picón Quedo 5-Segundo Héctor Acuña Peralta 6-Magaly Rosmery Ruiz Rodríguez 7-María Grimaneza Acuña Peralta 8-Gladys Margot Echaíz de Núñez Izaga 9-Roberto Enrique Chiabra León 10-Rosío Torres Salinas 11-Eduardo Salhuana Cavides 12-Freddy Ronald Díaz Monago 13-Heidy Lisbeth Juárez Calle 14-Idelso Manuel García Correa 15-Cheryl Trigozo Reátegui Renovación Popular 1-Esdras Ricardo Medina Minaya 2-Noelia Rossvith Herrera Medina 3-Diego Alonso Fernando Bazán Calderón 4-María Jessica Córdova Lobatón 5-Jorge Carlos Montoya Manrique 6-María de los Milagros Jackeline Jáuregui Martínez de Aguayo 7-Norma Martina Yarrow Lumbreras 8-José Ernesto Cueto Aservi 9-Alejandro Muñante Barrios 10-Javier Rommel Padilla Romero 11-Miguel Ángel Ciccia Vásquez 12-Jorge Arturo Zeballos Aponte Avanza País 1-Diana Carolina Gonzales Delgado 2-Patricia Rosa Chirinos Venegas 3-Juan Bartolomé Burgos Oliveros 4-Adriana Josefina Tudela Gutiérrez 5-José Daniel Williams Zapata 6-Alejandro Enrique Cavero Alva 7-Yessica Rosselli Amuruz Dulanto Juntos por el Perú 1- Ruth Luque Ibarra 2-Edgard Cornelio Reymundo Mercado 3-Sigrid Tesoro Bazán Narro 4-Isabel Cortez Aguirre 5-Roberto Helbert Sánchez Palomino Somos Perú 1-José Enrique Jerí Oré 2-Yorel Kira Alcarraz Agüero 3-Alfredo Azurín Loayza 4-Hitler Saavedra Casternoque 5-Wilmar Alberto Elera García Podemos Perú 1-Enrique Wong Pujada 2-José Luis Elías Avalos 3-José León Luna Gálvez 4-Digna Calle Lobatón 5-Carlos Antonio Anderson Ramírez Partido Morado 1-Susel Ana María Paredes Pique 2-George Edward Málaga Trillo 3-Flor Aidée Pablo Medina Independiente 1-Héctor Valer Pinto (FIN) RMCH /CVC GRM Publicado: 23/7/2021",andina:854362,2021-07-23,,,,ruptura,
Roberto Sánchez,Keiko Fujimori,"Elecciones 2026: hoy es el debate presidencial entre Keiko Fujimori y Roberto Sánchez Durante su participación en el bloque temático Economía, Empleo y Reducción de la Pobreza en el Debate Presidencial 2026 que organiza el Jurado Nacional de Elecciones (JNE), Fujimori sostuvo que el Perú debe retomar el camino del crecimiento económico que, según afirmó, permitió que millones de familias salieran de la pobreza gracias a la estabilidad y la generación de empleo.",andina:1077467,2026-05-31,,,,mencion,
Congreso,Ley,"También, con 18 votos, se aprobó el dictamen recaído en el proyecto de ley que fortalece el acceso oportuno y disponibilidad de tecnologías sanitarias para la atención integral de las enfermedades raras y huérfanas.",andina:1078744,2026-06-09,,,,pertenencia,
Keiko Fujimori,Estado,"Elecciones 2026: hoy es el debate presidencial entre Keiko Fujimori y Roberto Sánchez Durante su participación en el bloque temático Fortalecimiento del Estado Democrático y Derechos Humanos en el Debate Presidencial 2026 que organiza el Jurado Nacional de Elecciones (JNE), Sánchez sostuvo que la población debe recuperar el derecho al referéndum y convocó a las fuerzas democráticas a respaldar dicha iniciativa.",andina:1077466,2026-05-31,,,,alianza,
Roberto Sánchez,Ley,"De acuerdo con la tesis fiscal, Chávez, Huerta y Sánchez habrían acordado junto al expresidente Pedro Castillo y terceras personas disolver el Congreso y reorganizar el sistema de justicia.",andina:944504,2023-06-20,Chávez,,expresidente,acusacion,
Roberto Sánchez,Pedro Castillo,"Palabras finales En su alocución final, Sánchez señaló que la ruta castillista es la reafirmación de la dignidad de los pueblos que quieren un nuevo comienzo patriótico, un nuevo régimen económico para los peruanos quechuas, aymaras y amazónicos; y que buscan liberar al expresidente Castillo.",andina:1068345,2026-03-24,,,,mencion,
Congreso,Consejo de Ministros,"El pasado 22 de marzo, el pleno del Congreso de la República aprobó acusar constitucionalmente a la expresidenta del Consejo de Ministros por la presunta comisión de los delitos de rebelión y conspiración.",andina:937173,2023-04-19,pleno,,,acusacion,
Pedro Castillo,Ley,"Según la investigación fiscal, esa mañana se realizó una reunión en Palacio de Gobierno, entre Betssy Chavez, el exasesor Aníbal Torres , terceras personas en proceso de identificación, y Pedro Castillo, donde habrían ratificado la disolución del Congreso e implementar un estado de excepción.",andina:992844,2024-07-11,,,,acusacion,
Roberto Sánchez,Comercio Exterior y Turismo,"Según lo dispuesto, el nuevo equipo ministerial quedó conformado de la siguiente manera: Presidenta del Consejo de Ministros Betssy Chávez Chino Ministerio de Relaciones Exteriores César Rodrigo Landa Arroyo Ministerio de Defensa Daniel Hugo Barragán Coloma Ministerio de Economía y Finanzas Kurt Johnny Burneo Farfán Ministerio del Interior Willy Arturo Huerta Olivas Ministerio de Justicia y Derechos Humanos Félix Inocente Chero Medina Ministerio de Educación Rosendo Leoncio Serna Román Ministerio de Desarrollo Agrario y Riego Juan Rodo Altamirano Quispe Ministerio de Salud Kelly Roxana Portalatino Ávalos Ministerio de Trabajo y Promoción del Empleo Alejandro Antonio Salas Zegarra Ministerio de la Producción Eduardo Mora Asnarán También lea: [ Presidente Castillo juramenta a ministros de Estado en Palacio de Gobierno ] Ministerio de Comercio Exterior y Turismo Roberto Helbert Sánchez Palomino Ministerio de Energía y Minas Oliverio Muñoz Cabrera Ministerio de Transportes y Comunicaciones Richard Washington Tineo Quispe Ministerio de Vivienda, Construcción y Saneamiento César Paniagua Chacón Ministerio de la Mujer y Poblaciones Vulnerables Heidy Lizbeth Juárez Calle Ministerio del Ambiente Wilbert Gabriel Rozas Beltrán Ministerio de Cultura Silvana Emperatriz Robles Araujo Ministerio de Desarrollo e Inclusión Social Cinthya Karina Lindo Espinoza (FIN) JCC GRM Publicado: 26/11/2022",andina:919378,2022-11-26,equipo,,conformado,ruptura,
Comercio Exterior y Turismo,Estado,"Resolución Ministerial N° 00611-2026-DE Se autorizó el viaje, en comisión especial en el exterior, del general de brigada EP Julio Ulises Mori Rabanal, para desempeñarse en el cargo de Jefe de la Delegación del Perú ante la Junta Interamericana de Defensa (JID), Consejero en Temas de Seguridad Hemisférica y Miembro de la Representación Permanente del Perú ante la Organización de los Estados Americanos (OEA); en la ciudad de Washington D.C., Estados Unidos de América.",andina:1076501,2026-05-25,Resolución,,ciudad,pertenencia,
Roberto Sánchez,Fuerza Popular,Lee también: [ Presidenta Boluarte: Simulacro Nacional Multipeligro 2024 ha sido fructífero ] Conoce a continuación quiénes integran la Comisión Permanente para el periodo anual de sesiones 2024-2025: Fuerza Popular (5 integrantes) -Alejandro Aguinaga Recuenco -Arturo Alegría García -Martha Moyano Delgado -César Revilla Villanueva -Héctor Ventura Ángel Alianza para el Progreso (3) -Alejandro Soto Reyes -María Acuña Peralta -Lady Camones Soriano Podemos Perú (3) -José Luna Gálvez -Digna Calle Lobatón -Ariana Orué Medina Perú Libre (2) -Flavio Cruz Mamani -Américo Gonza Castillo Renovación Popular (2) -Esdras Medina Minaya -Norma Yarrow Lumbreras Acción Popular (2) -Silvia Monteza Facho -Wilson Soto Palacios Avanza País (2) -José Williams Zapata -Patricia Chirinos Venegas Juntos por el Perú-Voces del Pueblo (2) -Roberto Sánchez Palomino -Víctor Cutipa Ccama Somos Perú (2) -José Jerí Oré -Héctor Valer Bloque Magisterial (2) -Segundo Quiroz Barboza -Lucinda Vásquez Vela Bancada Socialista (1) -Alex Flores Ramírez Honor y Democracia (1) -Jorge Montoya Manrique Bloque Democrático Popular (1) -Ruth Luque Ibarra (FIN) MCA/RMCH GRM Publicado: 18/8/2024,andina:997044,2024-08-18,,,,ruptura,
Congreso,Comercio Exterior y Turismo,"También lea: [ Congreso autoriza viaje del presidente a Chile, pero deniega su salida a México ] Por su parte, el ministro de Trabajo y Promoción del Empleo, Alejandro Salas, afirmó que la prohibición del viaje a México del presidente aísla al país del mundo y perjudica la política exterior.",andina:918298,2022-11-17,ministro,,,ruptura,
Congreso,Ley,"“Por ello, la bancada de Somos Perú ha decidido apoyar el pedido de vacancia contra Dina Boluarte, teniendo en consideración que hemos reservado nuestra posición hasta ahora, debido a que el actual presidente del Congreso, forma parte del grupo parlamentario”, indicó también Somos Perú en sus redes sociales.",andina:1047813,2025-10-09,,,redes,alianza,
Roberto Sánchez,may,"Los egresados de esta edición pertenecen a diversas universidades del país, entre ellas: la Universidad Nacional de Cajamarca (2), Universidad Nacional José Faustino Sánchez Carrión (2), Universidad Nacional Mayor de San Marcos (1), Universidad Nacional Federico Villarreal (1), Universidad Nacional de Moquegua (1), Universidad Nacional de Piura (1), Universidad Nacional de San Agustín (1), Universidad Nacional de Trujillo (1), Universidad Nacional del Altiplano (1) y la Universidad Nacional del Centro del Perú (1).",andina:1072930,2026-04-27,egresados,,universidades,pertenencia,
Roberto Sánchez,Consejo de Ministros,"Participaron la ministra de la Mujer y Poblaciones Vulnerables, Claudia Dávila Moscoso; el ministro de Comercio Exterior y Turismo, Roberto Sánchez Palomino; el ministro de Justicia y Derecho Humanos, Félix Chero Medina; el presidente del Consejo Nacional para la Integración de la Persona con Discapacidad (Conadis), Marco Antonio Gamarra La Barrera; entre otras autoridades.",andina:914122,2022-10-16,,,autoridades,pertenencia,
Congreso,Ley,"Congreso: Comisión de Ciencia recibió al presidente del JNE por aplicación de voto digital
El presidente del Jurado Nacional de Elecciones (JNE), Roberto Burneo Bermejo, se presentó hoy en la Comisión de Ciencia, Innovación y Tecnología del Congreso de la República para informar sobre los avances y principales riesgos que enfrenta la implementación del programa piloto del voto digital en el Perú.",andina:1043166,2025-09-01,Congreso,,Comisión,conflicto,
Lima,Libertad,"Arequipa, Ayacucho, La Libertad y Pasco son las regiones que cuentan con más localidades distinguidas como Pueblos con Encanto (2 en cada caso), mientras que Áncash, Cusco, Lima y San Martín cuentan con una localidad.",andina:1073306,2026-05-01,,,,mencion,
Roberto Sánchez,Fuerza Popular,Estas con las candidaturas: [ Lea también: Elecciones 2026: ONPE señala que no utilizará voto digital en próximos comicios ] 1- Fuerza Popular Presidencia: Keiko Fujimori Higuchi Primera vicepresidencia: Luis Galarreta Velarde Segunda vicepresidencia: Miguel Torres Morales 2- Libertad Popular Presidencia: Rafael Jorge Belaunde Llosa Primera vicepresidencia: Pedro Álvaro Cateriano Bellido Segunda vicepresidencia: Tania Ulrika Porles Bazalar 3- Podemos Perú Presidencia: José Luna Gálvez Primera vicepresidencia: Jaqueline Cecilia García Rodríguez Segunda vicepresidencia: Raúl Martin Noblecilla Olaechea 4- Ahora Nación Presidencia: Alfonso López Chau Nava Primera vicepresidencia: Luis Alberto Villanueva Carbajal Segunda vicepresidencia: Ruth Zenaida Buendia Mestoquiari 5- Unidad Nacional Presidencia: Roberto Enrique Chiabra León Primera vicepresidencia: Javier Ignacio Bedoya Denegri Segunda vicepresidencia: Neldy Roxana Mendoza Flores 6- Partido Patriótico del Perú Presidencia: Herbert Caller Gutiérrez Primera vicepresidencia: Rossana Elena Montes Tello Segunda vicepresidencia: Jorge Aquiles Carcovich Cortelezzi 7- Partido Demócrata Verde Presidencia: Alex González Castillo Primera vicepresidencia: Maritza del Carmen Sánchez Peralta Segunda vicepresidencia: Félix Medardo Murazzo Carrillo 8- Un Camino Diferente Presidencia: Rosario del Pilar Fernández Bazán Primera vicepresidencia: César Arturo Fernández Bazán Segunda vicepresidencia: Carlos Danilo Pinillos Vinces 9- Renovación Popular Presidencia: Rafael López Aliaga Cazorla Primera vicepresidencia: Norma Yarrow Lumbreras Segunda vicepresidencia: Jhon Ramos Malpica 10- Partido del Buen Gobierno Presidencia: Jorge Nieto Montesinos Primera vicepresidencia: Susana Matute Charun Segunda vicepresidencia: Carlos Caballero León 11- Alianza para el Progreso Presidencia: César Acuña Peralta Primera vicepresidencia: Jessica Tumi Rivas Segunda vicepresidencia: Alejandro Soto Reyes 12- Partido SiCreo Presidencia: Carlos Espá Y Garcés-Alvear Primera Vicepresidencia: Alejandro Agustín Santa María Silva Segunda vicepresidencia: Melitza Melania Yanzich Villagarcia 13- Partido País para Todos Presidencia: Carlos Gonsalo Álvarez Loayza Primera vicepresidencia: María Cristina Chambizea Reyes Segunda vicepresidencia: Diego Edgar Guevara Vivanco 14- Avanza País – Partido de Integración Social Presidencia: José Williams Zapata Primera vicepresidencia: Fernán Altuve-Febres Lores Segunda vicepresidencia: Adriana Tudela Gutiérrez 15- Juntos por el Perú Presidencia: Roberto Helbert Sánchez Palomino Primera vicepresidencia Analí Márquez Huanca Segunda vicepresidencia: Brígida Curo Bustincio 16- Salvemos al Perú Presidencia: Antonio Ortiz Villano Primera vicepresidencia: Jaime José Freundt López Segunda vicepresidencia: Giovanna Ángela Demurtas Moya 17- Alianza Electoral Venceremos Presidencia: Ronald Darwin Atencio Sotomayor Primera vicepresidencia Elena Carmen Rivera Huamán Segunda vicepresidencia: Alberto Eugenio Quintanilla Chacón 18- Partido Político Perú Acción Presidencia: Francisco Ernesto Diez-Canseco Távara Primera vicepresidencia: Roberto Diego Koster Jáuregui Segunda vicepresidencia: Clara Amelia Quispe Torres 19- Partido Político Integridad Democrática Presidencia: Wolfgang Mario Grozo Costa Primera vicepresidencia: Bertha Cecilia Azabache Miranda Segunda vicepresidencia: Wellington Prada Chipayo 20- Partido Cívico Obras Presidencia: Ricardo Pablo Belmont Cassinelli Primera vicepresidencia: Daniel Hugo Barragán Coloma Segunda vicepresidencia: Dina Irene Hancco Hancco [Lea también: Elecciones 2026: ONPE señala que no utilizará voto digital en próximos comicios ] 21- Perú Moderno Presidencia: Carlos Ernesto Jaico Carranza Primera vicepresidencia: Miguel Elías Almenara Huayta Segunda vicepresidencia: Liz Veronica Quispe Santos 22- Partido Democrático Federal Presidencia: Armando Joaquín Masse Fernández Primera vicepresidencia: Virgilio Acuña Peralta Segunda vicepresidencia: Lydia Lourdes Díaz Pablo 23- Partido Aprista Peruano Presidencia: Pitter Enrique Valderrama Peña Primera vicepresidencia: María Inés Valdivia Acuña Segunda vicepresidencia: Lucio Vásquez 24- Partido Político Cooperación Popular Presidencia: Yonhy Lescano Ancieta Primera vicepresidencia: Carmela Silene Salazar Jauregui Segunda vicepresidencia: Vanessa Rubith Lazo Valles 25- Partido Frente de la Esperanza 2021 Presidencia Luis Fernando Olivera Vega Primera vicepresidencia: Elizabeth León Chinchay Segunda vicepresidencia: Carlos Ricardo Cuaresma Sánchez 26- Partido Demócrata Unido Perú Presidencia: Charlie Carrasco Salazar Primera vicepresidencia: María Edith Paredes Verdy Segunda vicepresidencia: Wilbert Gabino Segovia Quin 27- Fuerza y Libertad Presidencia: Fiorella Giannina Molinelli Aristondo Primera vicepresidencia: Gilbert Félix Violeta López Segunda vicepresidencia: María Luz Pariona Ore 28- Partido Democrático Somos Perú Presidencia: George Patrick Forsyth Sommer Primera vicepresidencia: Johanna Gabriela Lozada Baldwin Segunda vicepresidencia: Herbe Olave Ugarte 29- Partido Político Perú Primero Presidencia: Mario Enrique Vizcarra Cornejo Primera vicepresidencia: Carlos Hernán Illanes Calderón Segunda vicepresidencia: Judith Carla Mendoza Díaz 30- Partido Político Nacional Perú Libre Presidencia: Vladimir Roy Cerrón Rojas Primera vicepresidencia: Flavio Cruz Mamani Segunda vicepresidencia: Bertha Rojas López 31- Progresemos Presidencia: Paul Davis Jaimes Blanco Primera vicepresidencia: Mónica Margot Guillen Tuanama Segunda vicepresidencia: Jorge Luis Caloggero Encina 32- Partido Morado Presidencia: Mesías Antonio Guevara Amasifuen Primera vicepresidencia: Heber Diomedes Cueva Escobedo Segunda vicepresidencia: Marisol Yolanda Liñan Solis 33- Partido Político PRIN Presidencia: Walter Gilmer Chirinos Purizaga Primera vicepresidencia Julio Alberto Vega Ybañez Segunda vicepresidencia Mayra Lizeth Vargas Gil 34- Partido de los Trabajadores y Emprendedores PTE – Perú Presidencia: Napoleón Becerra García Primera vicepresidencia: Wilson Clemente Segunda vicepresidencia: Nélida Cuayla 35.,andina:1056810,2025-12-24,,,,nombramiento,
Roberto Sánchez,Ley,"MP presenta denuncia constitucional contra congresistas Guido Bellido y Roberto Sánchez
La Fiscalía de la Nación, a través del Área de Enriquecimiento Ilícito y Denuncias Constitucionales, presentó una denuncia constitucional ante el Congreso de la República, en contra de Guido Bellido Ugarte, como presunto autor del delito de tráfico de influencias agravado, en agravio del Estado.",andina:1015925,2025-01-22,MP,,denuncia,acusacion,
Roberto Sánchez,Comercio Exterior y Turismo,"La Comisión Permanente también aprobó archivar la acusación constitucional contra el exministro de Comercio Exterior y Turismo, y actual congresista, Roberto Sánchez Palomino, según una de las conclusiones del informe final, las cuales fueron votadas por separado.",andina:1052655,2025-11-20,Comisión,,archivar,acusacion,
Comercio Exterior y Turismo,José Reyes,"Las agroexportaciones peruanas superarían los 16,000 millones de dólares en 2026, consolidando al país como uno de los principales proveedores globales de alimentos, señaló hoy el ministro de Comercio Exterior y Turismo, José Reyes Llanos.",andina:1073057,2026-04-28,,,,mencion,
Consejo de Ministros,Ley,"Presidente Pedro Castillo lideró primer Consejo de Ministros
El Presidente de la República, Pedro Castillo Terrones, lideró en Palacio de Gobierno la primera sesión del Consejo de Ministros de su gestión.",andina:856238,2021-08-04,Presidente,,Consejo,pertenencia,
Congreso,Ley,"Elecciones 2026: conoce a las candidatas a la vicepresidencia de Roberto Sánchez
El candidato de Juntos por el Perú (JPP), Roberto Helbert Sánchez Palomino, disputará la Presidencia de la República en la segunda elección presidencial del próximo 7 de junio, junto a Analí Márquez y Brígida Curo como integrantes de su plancha presidencial.",andina:1075507,2026-05-17,,,,nombramiento,
Congreso,Ley,"Partido de los Trabajadores y Emprendedores (PTE - Perú) Su fórmula presidencial está liderada por Napoleón Becerra García como candidato a la Presidencia de la República; Wilson Clemente Huamán, a la Primera Vicepresidencia, y Nélida Juliana Cuayla a la segunda vicepresidencia.",andina:1050533,2025-11-30,,,,nombramiento,
Congreso,Ley,"El aspirante presidencial también insistió en la necesidad de modificar la Constitución y acabar con la pugna Congreso - Ejecutivo expresada en vacancias, cuestiones de confianza y cierre de Legislativo.",andina:1072712,2026-04-25,aspirante,,necesidad,conflicto,
Congreso,Ley,"[Lea también: PCM pide rechazar versiones sobre supuesto rompimiento del orden constitucional ] Sobre esto último, indicó que de los 13 proyectos de ley que en el marco de ese plan envió el Poder Ejecutivo al Congreso, solo uno fue aprobado.",andina:920330,2022-12-03,,,,conflicto,
Comercio Exterior y Turismo,Consejo de Ministros,"La norma lleva la rúbrica del presidente de la República, Pedro Castillo Terrones; el presidente del Consejo de Ministros, Aníbal Torres Vásquez; el ministro de Comercio Exterior y Turismo, Roberto Sánchez Palomino; y del ministro de Economía y Finanzas, Oscar Graham.",andina:886978,2022-03-30,norma,,rúbrica,mencion,
Roberto Sánchez,Keiko Fujimori,"Lee también: Ipsos: Fujimori 16.6%, Sanchez 12.1%, Belmont 11.8%, Lopez Aliaga 11%, Nieto 10.7% Para Sánchez, su ubicación expectante a boca de urna es resultado del apoyo de provincias y de forma especial de la parte andina del país.",andina:1071004,2026-04-12,,,,alianza,
Comercio Exterior y Turismo,Cusco,"El Ministerio de Comercio Exterior y Turismo amplió la vigencia de la mesa técnica para reactivar el turismo en la región Cusco, por 30 días calendario, a fin de proponer soluciones que contribuyan a enfrentar los problemas en este importante sector.",andina:902400,2022-07-20,Ministerio,,vigencia,conflicto,
Congreso,Ley,"Lee también: [ Ejecutivo presentó al Congreso proyecto de ley que propone créditos suplementarios ] "" Rechazamos tajantemente cualquier insinuación de que funcionarios diplomáticos se hayan prestado a algún tipo de irregularidad en el proceso electoral.",andina:1079253,2026-06-12,Lee,,Congreso,conflicto,
